{
 "analysis":{
   "authors":"Sergei L Kosakovsky Pond",
   "contact":"spond@temple.edu",
   "info":"Fit an MG94xREV model with several selectable options frequency estimator and \nreport the fit results including dN/dS ratios, and synonymous and non-synonymous branch lengths. v0.2 adds LRT test for dN/dS != 1. \nv0.3 adds LRT test support for dN/dS != 1 for local models",
   "requirements":"in-frame codon alignment and a phylogenetic tree",
   "version":"0.3"
  },
 "branch attributes":{
   "0":{
     "Branchiostoma_lanceolatum_XM_066430411_1_CARP":{
       "Confidence Intervals":{
         "LB":1.468855286326201e-05,
         "MLE":2.358580253515739e-05,
         "UB":3.456536578227738e-05
        },
       "LRT":{
         "Corrected P-value":0.1710257581937757,
         "FDR":0.02913772176634698,
         "LRT":6.401606085748426,
         "p-value":0.01140171721291838
        },
       "Nucleotide GTR":0.2076580911197731,
       "Standard MG94":1062.870033702863,
       "dN":0.09909357911603699,
       "dS":4526.222172818505,
       "nonsynonymous":0.07582559139373331,
       "original name":"Branchiostoma.lanceolatum_XM_066430411.1_CARP",
       "synonymous":1062.794208111468
      },
     "Branchiostoma_lanceolatum_XM_066434290_1":{
       "Confidence Intervals":{
         "LB":2.391786874116539e-05,
         "MLE":3.481490027599916e-05,
         "UB":4.823311256828493e-05
        },
       "LRT":{
         "Corrected P-value":0.560968943626039,
         "FDR":0.08959920627360345,
         "LRT":3.954456492809186,
         "p-value":0.04674741196883658
        },
       "Nucleotide GTR":0.250593608474002,
       "Standard MG94":1062.906133936286,
       "dN":0.1462716000345604,
       "dS":4526.222172818505,
       "nonsynonymous":0.1119258248179797,
       "original name":"Branchiostoma.lanceolatum_XM_066434290.1",
       "synonymous":1062.794208111468
      },
     "Danio_rerio_CA10a":{
       "Confidence Intervals":{
         "LB":0.003233738772454221,
         "MLE":0.0138758507227419,
         "UB":0.03500361514848151
        },
       "LRT":{
         "Corrected P-value":0.8959886455609425,
         "FDR":0.1609979597492319,
         "LRT":2.525791359705181,
         "p-value":0.1119985806951178
        },
       "Nucleotide GTR":0.08714308601438761,
       "Standard MG94":0.1720689434788127,
       "dN":0.00905839174554969,
       "dS":0.7032868397623551,
       "nonsynonymous":0.006931406830891817,
       "original name":"Danio.rerio_CA10a",
       "synonymous":0.1651375366479211
      },
     "Danio_rerio_CA10b":{
       "Confidence Intervals":{
         "LB":0.06123644553928721,
         "MLE":0.09149429961919449,
         "UB":0.1307578054254026
        },
       "LRT":{
         "Corrected P-value":1,
         "FDR":0.2096697867616198,
         "LRT":2.022602642980928,
         "p-value":0.1549733206498929
        },
       "Nucleotide GTR":0.1859003369777306,
       "Standard MG94":0.2608155789553361,
       "dN":0.07388606311506013,
       "dS":0.8699804649220989,
       "nonsynonymous":0.05653700755821683,
       "original name":"Danio.rerio_CA10b",
       "synonymous":0.2042785713971192
      },
     "Danio_rerio_CA8":{
       "Confidence Intervals":{
         "LB":0.01909265448390716,
         "MLE":0.03663061461387208,
         "UB":0.06197328948964234
        },
       "LRT":{
         "Corrected P-value":2.487642132287249e-06,
         "FDR":9.081868102001067e-07,
         "LRT":28.04610735186907,
         "p-value":1.184591491565357e-07
        },
       "Nucleotide GTR":0.1416596288815094,
       "Standard MG94":0.290965832270303,
       "dN":0.03793097176402337,
       "dS":1.115554454634415,
       "nonsynonymous":0.02902446749630629,
       "original name":"Danio.rerio_CA8",
       "synonymous":0.2619413647739966
      },
     "Gallus_gallus_CA10":{
       "Confidence Intervals":{
         "LB":0,
         "MLE":0,
         "UB":0.01084153338302347
        },
       "LRT":{
         "Corrected P-value":0.6204553408064983,
         "FDR":0.1019319488467819,
         "LRT":3.481844808307869,
         "p-value":0.06204553408064983
        },
       "Nucleotide GTR":0.08634596785042843,
       "Standard MG94":0.1101744003882637,
       "dN":1.306861935325792e-10,
       "dS":0.4692101350462394,
       "nonsynonymous":1e-10,
       "original name":"Gallus.gallus_CA10",
       "synonymous":0.1101744003882637
      },
     "Gallus_gallus_CA8":{
       "Confidence Intervals":{
         "LB":0.01235320413386233,
         "MLE":0.02912158682339413,
         "UB":0.05560992543567229
        },
       "LRT":{
         "Corrected P-value":1.137030269049433e-05,
         "FDR":3.268962023517119e-06,
         "LRT":25.01617039196753,
         "p-value":5.685151345247164e-07
        },
       "Nucleotide GTR":0.125400669670534,
       "Standard MG94":0.2167926744592347,
       "dN":0.02293718628279819,
       "dS":0.8485278812734075,
       "nonsynonymous":0.0175513462155282,
       "original name":"Gallus.gallus_CA8",
       "synonymous":0.1992413282437062
      },
     "Homo_sapiens_CAH10_CARP":{
       "Confidence Intervals":{
         "LB":0,
         "MLE":0,
         "UB":0.01090869936390528
        },
       "LRT":{
         "Corrected P-value":0.4945370190838483,
         "FDR":0.07954091915334623,
         "LRT":4.303174175349341,
         "p-value":0.03804130916029602
        },
       "Nucleotide GTR":0.05832864607288817,
       "Standard MG94":0.1092738942822699,
       "dN":1.306861935325792e-10,
       "dS":0.4653750645569579,
       "nonsynonymous":1e-10,
       "original name":"Homo.sapiens_CAH10_CARP",
       "synonymous":0.1092738942822699
      },
     "Homo_sapiens_CAH11_CARP":{
       "Confidence Intervals":{
         "LB":2.068761349629428e-05,
         "MLE":2.870380151624934e-05,
         "UB":3.903827071824126e-05
        },
       "LRT":{
         "Corrected P-value":1.996023246342293e-05,
         "FDR":4.832477333249763e-06,
         "LRT":23.83321662062372,
         "p-value":1.05053855070647e-06
        },
       "Nucleotide GTR":0.2935710058711785,
       "Standard MG94":1062.886487469865,
       "dN":0.1205963809050645,
       "dS":4526.222172818505,
       "nonsynonymous":0.09227935839680011,
       "original name":"Homo.sapiens_CAH11_CARP",
       "synonymous":1062.794208111468
      },
     "Homo_sapiens_CAH8_CARP":{
       "Confidence Intervals":{
         "LB":0.006184041269274425,
         "MLE":0.03657612689119923,
         "UB":0.09932147042334782
        },
       "LRT":{
         "Corrected P-value":0.5945186299888309,
         "FDR":0.09562187755065112,
         "LRT":3.71124237519507,
         "p-value":0.05404714818080281
        },
       "Nucleotide GTR":0.0805892202216167,
       "Standard MG94":0.07623039290565732,
       "dN":0.009924258989766319,
       "dS":0.2923084602146399,
       "nonsynonymous":0.007593961321776713,
       "original name":"Homo.sapiens_CAH8_CARP",
       "synonymous":0.06863643158388061
      },
     "Node10":{
       "Confidence Intervals":{
         "LB":0,
         "MLE":10000,
         "UB":10000
        },
       "LRT":{
         "Corrected P-value":1,
         "FDR":0.930717046373797,
         "LRT":0.03586955431273964,
         "p-value":0.8497851292978147
        },
       "Nucleotide GTR":0.09603389818711601,
       "Standard MG94":0.02600093195772778,
       "dN":0.03397962825855035,
       "dS":4.258794542041564e-10,
       "nonsynonymous":0.02600093195772778,
       "synonymous":1e-10
      },
     "Node11":{
       "Confidence Intervals":{
         "LB":0,
         "MLE":10000,
         "UB":10000
        },
       "LRT":{
         "Corrected P-value":1,
         "FDR":0.9698010948921097,
         "LRT":0.00824822396862146,
         "p-value":0.9276358298968006
        },
       "Nucleotide GTR":0.04589069509302112,
       "Standard MG94":0.006790694433334024,
       "dN":0.00887450006935298,
       "dS":4.258794542041564e-10,