{
 "analysis":{
   "authors":"Sergei L Kosakovsky Pond",
   "contact":"spond@temple.edu",
   "info":"Fit an MG94xREV model with several selectable options frequency estimator and \nreport the fit results including dN/dS ratios, and synonymous and non-synonymous branch lengths. v0.2 adds LRT test for dN/dS != 1. \nv0.3 adds LRT test support for dN/dS != 1 for local models",
   "requirements":"in-frame codon alignment and a phylogenetic tree",
   "version":"0.3"
  },
 "branch attributes":{
   "0":{
     "Branchiostoma_lanceolatum_XM_066430411_1_CARP":{
       "Confidence Intervals":{
         "LB":1.363161167533595e-05,
         "MLE":2.271431134994311e-05,
         "UB":3.460767928723063e-05
        },
       "LRT":{
         "Corrected P-value":1,
         "FDR":1,
         "LRT":-0.687548539843192,
         "p-value":1
        },
       "Nucleotide GTR":0.2526324955757269,
       "Standard MG94":1282.402087558819,
       "dN":0.1079257522892622,
       "dS":5242.814790112434,
       "nonsynonymous":0.08152859417044964,
       "original name":"Branchiostoma.lanceolatum_XM_066430411.1_CARP",
       "synonymous":1282.320558964649
      },
     "Branchiostoma_lanceolatum_XM_066434290_1":{
       "Confidence Intervals":{
         "LB":1.137879256013656e-05,
         "MLE":1.895911638843421e-05,
         "UB":2.938718665492279e-05
        },
       "LRT":{
         "Corrected P-value":1,
         "FDR":1,
         "LRT":-1.321376830509507,
         "p-value":1
        },
       "Nucleotide GTR":0.2144603044147074,
       "Standard MG94":1282.388609018293,
       "dN":0.09008315803360543,
       "dS":5242.814790112434,
       "nonsynonymous":0.06805005364456473,
       "original name":"Branchiostoma.lanceolatum_XM_066434290.1",
       "synonymous":1282.320558964649
      },
     "Danio_rerio_CA10a":{
       "Confidence Intervals":{
         "LB":0.001042935638240173,
         "MLE":0.007871200134220121,
         "UB":0.02500736818332697
        },
       "LRT":{
         "Corrected P-value":1,
         "FDR":1,
         "LRT":0.03355586037014291,
         "p-value":0.854654756353095
        },
       "Nucleotide GTR":0.09862845713349749,
       "Standard MG94":0.2841690712624294,
       "dN":0.008109277393190596,
       "dS":1.136789902635301,
       "nonsynonymous":0.006125859413359087,
       "original name":"Danio.rerio_CA10a",
       "synonymous":0.27804321184907
      },
     "Danio_rerio_CA10b":{
       "Confidence Intervals":{
         "LB":6.087530229650917e-06,
         "MLE":1.141182897821832e-05,
         "UB":1.876223217946982e-05
        },
       "LRT":{
         "Corrected P-value":0.151300632100398,
         "FDR":0.05523673870331991,
         "LRT":7.221190210809254,
         "p-value":0.007204792004780858
        },
       "Nucleotide GTR":0.195161568998182,
       "Standard MG94":1282.361519500901,
       "dN":0.05422265322050803,
       "dS":5242.814790112434,
       "nonsynonymous":0.04096053625284435,
       "original name":"Danio.rerio_CA10b",
       "synonymous":1282.320558964649
      },
     "Danio_rerio_CA8":{
       "Confidence Intervals":{
         "LB":0.006520629687159552,
         "MLE":0.01647109663817589,
         "UB":0.03296242002341745
        },
       "LRT":{
         "Corrected P-value":8.654340577507469e-09,
         "FDR":8.654340577507469e-09,
         "LRT":39.2322391276175,
         "p-value":3.762756772829334e-10
        },
       "Nucleotide GTR":0.201098324697613,
       "Standard MG94":0.4970486881043651,
       "dN":0.02899850384834748,
       "dS":1.942638904742793,
       "nonsynonymous":0.02190586770676941,
       "original name":"Danio.rerio_CA8",
       "synonymous":0.475142820397596
      },
     "Gallus_gallus_CA10":{
       "Confidence Intervals":{
         "LB":0,
         "MLE":0,
         "UB":0.01507685463149878
        },
       "LRT":{
         "Corrected P-value":0.3797548962395035,
         "FDR":0.09194065908956402,
         "LRT":5.413020807960493,
         "p-value":0.01998709980207913
        },
       "Nucleotide GTR":0.111929252697867,
       "Standard MG94":0.1364515420457371,
       "dN":1.323777913594643e-10,
       "dS":0.5578871505800764,
       "nonsynonymous":1e-10,
       "original name":"Gallus.gallus_CA10",
       "synonymous":0.1364515420457371
      },
     "Gallus_gallus_CA8":{
       "Confidence Intervals":{
         "LB":0.002214107700484247,
         "MLE":0.01427003251985242,
         "UB":0.04321950533686405
        },
       "LRT":{
         "Corrected P-value":0.2310716411676683,
         "FDR":0.06643309683570464,
         "LRT":6.378118926273601,
         "p-value":0.01155358205838342
        },
       "Nucleotide GTR":0.09671494053745691,
       "Standard MG94":0.1942167254603599,
       "dN":0.009874861973080868,
       "dS":0.7635633539585215,
       "nonsynonymous":0.007459606231279572,
       "original name":"Gallus.gallus_CA8",
       "synonymous":0.1867571192290803
      },
     "Homo_sapiens_CAH10_CARP":{
       "Confidence Intervals":{
         "LB":0,
         "MLE":0,
         "UB":0.01382023090609407
        },
       "LRT":{
         "Corrected P-value":1,
         "FDR":1,
         "LRT":0.04023439547745511,
         "p-value":0.8410229841687037
        },
       "Nucleotide GTR":0.07175758748557168,
       "Standard MG94":0.1483674520494322,
       "dN":1.323777913594643e-10,
       "dS":0.6066057870928235,
       "nonsynonymous":1e-10,
       "original name":"Homo.sapiens_CAH10_CARP",
       "synonymous":0.1483674520494322
      },
     "Homo_sapiens_CAH11_CARP":{
       "Confidence Intervals":{
         "LB":1.525232792406984e-05,
         "MLE":2.374037619040277e-05,
         "UB":3.460075326486378e-05
        },
       "LRT":{
         "Corrected P-value":2.926061666586044e-05,
         "FDR":1.529532234806341e-05,
         "LRT":23.37928964838193,
         "p-value":1.330028030266384e-06
        },
       "Nucleotide GTR":0.3087294072506065,
       "Standard MG94":1282.405770418612,
       "dN":0.1128010407405868,
       "dS":5242.814790112434,
       "nonsynonymous":0.08521145396230556,
       "original name":"Homo.sapiens_CAH11_CARP",
       "synonymous":1282.320558964649
      },
     "Homo_sapiens_CAH8_CARP":{
       "Confidence Intervals":{
         "LB":0.01679627806671509,
         "MLE":0.05555736896864528,
         "UB":0.1265709435134378
        },
       "LRT":{
         "Corrected P-value":1,
         "FDR":1,
         "LRT":0.9089621867515234,
         "p-value":0.3403899311792894
        },
       "Nucleotide GTR":0.107934099039876,
       "Standard MG94":0.1050352124561099,
       "dN":0.01871251548070782,
       "dS":0.3716460384294794,
       "nonsynonymous":0.01413569095581528,
       "original name":"Homo.sapiens_CAH8_CARP",
       "synonymous":0.09089952150029455
      },
     "Node10":{
       "Confidence Intervals":{
         "LB":0.01525681472101763,
         "MLE":0.0402454204264758,
         "UB":0.07955944106069869
        },
       "LRT":{
         "Corrected P-value":1,
         "FDR":1,
         "LRT":-2.033978578174356,
         "p-value":1
        },
       "Nucleotide GTR":0.08211371237791057,
       "Standard MG94":0.2668389179705827,
       "dN":0.03576317507304674,
       "dS":0.9805248526660341,
       "nonsynonymous":0.02701599317058697,
       "synonymous":0.2398229247999956
      },
     "Node11":{
       "Confidence Intervals":{
         "LB":0.007182395663853581,
         "MLE":0.03408383743037501,
         "UB":0.0884908393998073
        },
       "LRT":{
         "Corrected P-value":1,
         "FDR":1,
         "LRT":-1.392667381965111,
         "p-value":1
        },
       "Nucleotide GTR":0.06829405028739913,
       "Standard MG94":0.1181901680920131,
       "dN":0.01362651487260488,
       "dS":0.441138858626593,
       "nonsynonymous":0.01029365630946573,
       "synonymous":0.1078965117825474
      },
     "Node13":{
       "Confidence Intervals":{
         "LB":0,
         "MLE":0,